<?xml version="1.0" encoding="UTF-8"?>
<project-private xmlns="http://www.netbeans.org/ns/project-private/1">
    <editor-bookmarks xmlns="http://www.netbeans.org/ns/editor-bookmarks/2" lastBookmarkId="0"/>
    <open-files xmlns="http://www.netbeans.org/ns/projectui-open-files/2">
        <group>
            <file>file:/D:/ANUL4/Genie_logiciel/PROJET/Projet/src/projet/Evenement.java</file>
            <file>file:/D:/ANUL4/Genie_logiciel/PROJET/Projet/src/projet/Utilisateur.java</file>
            <file>file:/D:/ANUL4/Genie_logiciel/PROJET/Projet/src/projet/Location.java</file>
            <file>file:/D:/ANUL4/Genie_logiciel/PROJET/Projet/src/projet/Code_Etat.java</file>
            <file>file:/D:/ANUL4/Genie_logiciel/PROJET/Projet/src/projet/Client.java</file>
            <file>file:/D:/ANUL4/Genie_logiciel/PROJET/Projet/src/projet/Representant_Etablissement.java</file>
            <file>file:/D:/ANUL4/Genie_logiciel/PROJET/Projet/src/projet/Projet.java</file>
            <file>file:/D:/ANUL4/Genie_logiciel/PROJET/Projet/test/projet/VilleTest.java</file>
            <file>file:/D:/ANUL4/Genie_logiciel/PROJET/Projet/src/projet/Ville.java</file>
        </group>
    </open-files>
</project-private>
